Symbol,Name
TXG,10X Genomics Inc
TWOU,2U Inc
MMM,3M Company
UHAL,A M E R C O
ABT,Abbott Laboratories
ABBV,Abbvie Inc
ABMD,Abiomed Inc
ACHC,Acadia Healthcr Company
ACAD,Acadia Pharmaceutica
XLRN,Acceleron Pharma
ACN,Accenture Plc
ATVI,Activision Blizzard
AYI,Acuity Brands Inc
ADPT,Adaptive Biotechnologies Corp
ADBE,Adobe Systems Inc
ADT,ADT Inc
AMD,Adv Micro Devices
AAP,Advance Auto Parts Inc
ACM,Aecom Technology Corp
AMG,Affiliated Managers Group
AFL,Aflac Inc
AGCO,Agco Corp
A,Agilent Technologies
AGIO,Agios Pharmaceuticals
AL,Air Lease Corp Cl A
APD,Air Products and Chemicals
AKAM,Akamai Technologies
ALK,Alaska Air Group
ALB,Albemarle Corp
ACI,Albertsons Companies Inc Cl A
ARE,Alexandria Real Estate Equities
ALXN,Alexion Pharm Inc
ALGN,Align Technology
ALKS,Alkermes Plc
Y,Alleghany Corp
ALLE,Allegion Plc
ADS,Alliance Data Systems Corp
LNT,Alliant Energy Corp
ALSN,Allison Transmission Holdings
ALL,Allstate Corp
ALLY,Ally Financial
ALNY,Alnylam Pharmaceuticals
GOOGL,Alphabet Cl A
GOOG,Alphabet Cl C
AYX,Alteryx Inc
ATUS,Altice USA Inc Cl A
MO,Altria Group
AMZN,Amazon.com Inc
AMCR,Amcor Plc
DOX,Amdocs Ltd Ord
AMED,Amedisys Inc
ANAT,Amer Natl Insurance
AEE,Ameren Corp
AAL,American Airlines Gp
ACC,American Campus Communities Inc
AGNC,American Capital Age
AEP,American Electric Power Company
AXP,American Express Company
AFG,American Financial Group
AMH,American Homes 4 Rent
AIG,American International Group
AMT,American Tower Corp
AWK,American Water Works
COLD,Americold Realty Trust
AMP,Ameriprise Financial Services
ABC,Amerisourcebergen Corp
AMGN,Amgen Inc
APH,Amphenol Corp
AME,Amtek Inc
ADI,Analog Devices
PLAN,Anaplan Inc
NLY,Annaly Capital Management Inc
ANSS,Ansys Inc
AM,Antero Midstream Corp
ANTM,Anthem Inc
AON,AON Plc
APA,Apache Corp
AIV,Apartment Investment and Management
APO,Apollo Global Management Llc C
APLE,Apple Hospitality REIT Inc
AAPL,Apple Inc
AMAT,Applied Materials
ATR,Aptargroup
APTV,Aptiv Plc
ARMK,Aramark Holdings Corp
ACGL,Arch Capital Grp Ltd
ADM,Archer Daniels Midland
ARD,Ardagh Group S.A.
ARES,Ares Management LP
ANET,Arista Networks Inc
AWI,Armstrong World Industries Inc
ARW,Arrow Electronics
AJG,Arthur J. Gallagher & Company
ASH,Ashland Global Holdings Inc
AZPN,Aspen Technology
ASB,Associated Banc-Corp
AIZ,Assurant Inc
AGO,Assured Guaranty Ltd
T,AT&T Inc
ATH,Athene Holding Ltd
TEAM,Atlassian Cls A Ord
ATO,Atmos Energy Corp
ADSK,Autodesk Inc
ADP,Automatic Data Procs
AN,Autonation Inc
AZO,Autozone
AVLR,Avalara Inc
AVB,Avalonbay Communities
AGR,Avangrid Inc
AVTR,Avantor Inc
AVY,Avery Dennison Corp
AVT,Avnet Inc
EQH,Axa Equitable Holdings Inc
AXTA,Axalta Coating Systems Ltd
AXS,Axis Capital Holdings
AAXN,Axon Inc
BKR,Baker Hughes A Ge CO Cl A
BLL,Ball Corp
BAC,Bank of America Corp
BOH,Bank of Hawaii Corp
BK,Bank of New York Mellon Corp
OZK,Bank Ozk
BAX,Baxter International Inc
BDX,Becton Dickinson and Company
BLI,Berkeley Lights Inc
BRK.B,Berkshire Hathaway Cl B
BERY,Berry Global Group
BBY,Best Buy Company
BYND,Beyond Meat Inc
BIGC,Bigcommerce Holdings Inc
BILL,Bill.com Holdings Inc
BIO,Bio-Rad Laboratories
TECH,Bio-Techne Cp
BIIB,Biogen Inc
BMRN,Biomarin Pharmaceuticals
BKI,Black Knight Inc
BLK,Blackrock
BLUE,Bluebird Bio
BA,Boeing Company
BOKF,Bok Financial Corp
BKNG,Booking Holdings Inc
BAH,Booz Allen Hamilton Holding Corp
BWA,Borgwarner Inc
SAM,Boston Beer Company
BXP,Boston Properties
BSX,Boston Scientific Corp
BDN,Brandywine Realty Trust
BFAM,Bright Horizons Family Solutions Inc
BHF,Brighthouse Financial Inc
BMY,Bristol-Myers Squibb Company
BRX,Brixmor Property Group Inc
AVGO,Broadcom Ltd
BR,Broadridge Financial Solutions Llc
BPYU,Brookfield Property REIT Inc
BRO,Brown & Brown
BF.A,Brown Forman Inc Cl A
BF.B,Brown Forman Inc Cl B
BRKR,Bruker Corp
BC,Brunswick Corp
BG,Bunge Ltd
BURL,Burlington Stores Inc
BWXT,Bwx Technologies Inc
CHRW,C.H. Robinson Ww
CABO,Cable One Inc
CBT,Cabot Corp
COG,Cabot Oil & Gas Corp
CACI,Caci International
CDNS,Cadence Design Sys
CPT,Camden Property Trust
CPB,Campbell Soup Company
COF,Capital One Financial Corp
CPRI,Capri Holdings Ltd
CAH,Cardinal Health
CSL,Carlisle Companies Inc
KMX,Carmax Inc
CCL,Carnival Corp
CARR,Carrier Global Corp [Carr/I]
CRI,Carter's Inc
CVNA,Carvana CO Cl A
CASY,Casey's General Stor
CTLT,Catalent Inc
CAT,Caterpillar Inc
CBOE,CBOE Global Markets Inc
CBRE,CBRE Group Inc
CDK,Cdk Global Inc
CDW,CDW Corp
CE,Celanese Corp
CNC,Centene Corp
CNP,Centerpoint Energy Inc
LUMN,Centurylink
CDAY,Ceridian Hcm Holding Inc
CERN,Cerner Corp
CF,Cf Industries Holdings
CHNG,Change Healthcare Inc
CRL,Charles River Laboratories Intl
CHTR,Charter Communicatio
CHGG,Chegg Inc
CHE,Chemed Inc
CC,Chemours Company
LNG,Cheniere Energy
CVX,Chevron Corp
CMG,Chipotle Mexican Grill
CHH,Choice Hotels International
CB,Chubb Ltd
CHD,Church & Dwight Company
CIEN,Ciena Corp
CI,Cigna Corp
XEC,Cimarex Energy Company
CINF,Cincinnati Financial
CTAS,Cintas Corp
CRUS,Cirrus Logic Inc
CSCO,Cisco Systems Inc
C,Citigroup Inc
CFG,Citizens Financial Group Inc/Ri
CTXS,Citrix Systems Inc
CLH,Clean Harbors
CLX,Clorox Company
NET,Cloudflare Inc Cl A
CME,CME Group Inc
CMS,Cms Energy Corp
CNA,Cna Financial Corp
KO,Coca-Cola Company
CGNX,Cognex Cp
CTSH,Cognizant Tech Sol
COHR,Coherent Inc
CFX,Colfax Corp
CL,Colgate-Palmolive Company
COLM,Columbia Sprtswr
CMCSA,Comcast Corp A
CMA,Comerica Inc
CBSH,Commerce Bancshares
COMM,Commscope Holding Company
CAG,Conagra Brands Inc
CXO,Concho Resources Inc
COP,Conocophillips
ED,Consolidated Edison Company of New York
STZ,Constellation Brands Inc
CLR,Continental Resources
COO,Cooper Companies
CPA,Copa Holdings S.A.
CPRT,Copart Inc
CLGX,Corelogic
COR,Coresite Realty Corp
GLW,Corning Inc
OFC,Corporate Office Properties
CTVA,Corteva Inc
CSGP,Costar Group Inc
COST,Costco Wholesale
COTY,Coty Inc
COUP,Coupa Software Inc
CUZ,Cousins Properties Inc
CR,Crane Company
CACC,Credit Acceptance
CREE,Cree Inc
CRWD,Crowdstrike Holdings Inc
CCI,Crown Castle International Corp
CCK,Crown Cork & Seal Company
CSX,CSX Corp
CUBE,Cubesmart
CFR,Cullen/Frost Bankers
CMI,Cummins Inc
CW,Curtiss-Wright Corp
CVS,CVS Corp
CONE,Cyrusone Inc
DHI,D.R. Horton
DHR,Danaher Corp
DRI,Darden Restaurants
DDOG,Datadog Inc Cl A
DVA,Davita Healthcare Partners Inc
DE,Deere & Company
DELL,Dell Technologies Inc
DAL,Delta Air Lines Inc
XRAY,Dentsply Sirona Inc
DVN,Devon Energy Corp
DXCM,Dexcom
FANG,Diamondback Energy
DKS,Dick's Sporting Goods Inc
DLR,Digital Realty Trust
DFS,Discover Financial Services
DISCA,Discovery Comm A
DISCK,Discovery Comm Inc
DISH,Dish Network Corp
DOCU,Docusign Inc
DLB,Dolby Laboratories
DG,Dollar General Corp
DLTR,Dollar Tree Inc
D,Dominion Resources
DPZ,Domino's Pizza Inc
DCI,Donaldson Company
DEI,Douglas Emmett
DOV,Dover Corp
DOW,Dow Inc
DBX,Dropbox Inc
DTE,Dte Energy Company
DD,Du Pont De.Nemours Inc
DCT,Duck Creek Technologies Inc
DUK,Duke Energy Corp
DRE,Duke Realty Corp
DNB,Dun & Bradstreet Holdings Inc
DNKN,Dunkin' Brands Group
DXC,Dxc Technology Company
DT,Dynatrace Inc
EXP,Eagle Materials Inc
EWBC,East West Bancorp
EMN,Eastman Chemical Company
ETN,Eaton Corp
EV,Eaton Vance Corp
EBAY,Ebay Inc
SATS,Echostar Corp
ECL,Ecolab Inc
EIX,Edison International
EW,Edwards Lifesciences Corp
ELAN,Elanco Animal Health Inc
ESTC,Elastic N.V.
EA,Electronic Arts Inc
ESI,Element Solutions Inc
LLY,Eli Lilly and Company
EMR,Emerson Electric Company
ESRT,Empire State Realty Trust Inc
EHC,Encompass Health Corp
ENR,Energizer Holdings Inc
ENPH,Enphase Energy Inc
ENTG,Entegris Inc
ETR,Entergy Corp
EPR,Entertainment Properties Trust
NVST,Envista Holdings Corp
EOG,Eog Resources
EPAM,Epam Systems Inc
EQT,Eqt Corp
EFX,Equifax Inc
EQIX,Equinix Inc
ETRN,Equitrans Midstream Corp
EQC,Equity Commonwealth
ELS,Equity Lifestyle Properties
EQR,Equity Residential
ERIE,Erie Indemnity Company
WTRG,Essential Utilities Inc
ESS,Essex Property Trust
EL,Estee Lauder Companies
ETSY,Etsy Inc
EEFT,Euronet Worldwide
EVBG,Everbridge Inc
EVR,Evercore Partners Inc
RE,Everest Re Group
EVRG,Evergy Inc
ES,Eversource Energy
EXAS,Exact Sciences Cor
EXEL,Exelixis Inc
EXC,Exelon Corp
EXPE,Expedia Group Inc
EXPD,Expeditors Intl
STAY,Extended Stay America Inc
EXR,Extra Space Storage Inc
XOM,Exxon Mobil Corp
FNB,F.N.B. Corp
FFIV,F5 Networks Inc
FB,Facebook Inc
FDS,Factset Research Systems Inc
FICO,Fair Isaac and Company Inc
FAST,Fastenal Company
FSLY,Fastly Inc
FRT,Federal Realty Investment Trust
FDX,Fedex Corp
FNF,Fidelity National Financial
FIS,Fidelity National Information Services
FITB,Fifth Third Bncp
FEYE,Fireeye Inc
FAF,First American Corp
FCNCA,First Citizens Bancs
FHB,First Hawaiian Inc
FHN,First Horizon National Corp
FR,First Industrial Realty Trust
FRC,First Republic Bank
FSLR,First Solar Inc
FE,Firstenergy Corp
FISV,Fiserv Inc
FIVE,Five Below Inc
FIVN,Five9 Inc
FLT,Fleetcor Technologies
FLIR,Flir Systems Inc
FND,Floor & Decor Holdings Inc
FLO,Flowers Foods
FLS,Flowserve Corp
FMC,FMC Corp
FL,Footlocker Inc
F,Ford Motor Company
FTNT,Fortinet Inc
FTV,Fortive Corp
FBHS,Fortune Brands Home & Security
FOXA,Fox Corp Cl A
FOX,Fox Corp Cl B
BEN,Franklin Resources
FCX,Freeport-Mcmoran Inc
FTDR,Frontdoor Inc
FCN,Fti Consulting
GLPI,Gaming & Leisure
GPS,Gap Inc
GRMN,Garmin Ltd
IT,Gartner Inc
GTES,Gates Industrial Corp Plc
GLIBA,Gci Liberty Inc Cl A
GNRC,Generac Holdings Inc
GD,General Dynamics Corp
GE,General Electric Company
GIS,General Mills
GM,General Motors Company
G,Genpact Ltd
GNTX,Gentex Corp
GPC,Genuine Parts Company
GILD,Gilead Sciences Inc
GBT,Global Blood Ther
GPN,Global Payments Inc
GLOB,Globant S.A.
GL,Globe Life Inc
GMED,Globus Medical Inc
GDDY,Godaddy Inc
GOCO,Gohealth Inc Cl A
GS,Goldman Sachs Group
GGG,Graco Inc
EAF,Graftech International Ltd
GHC,Graham Holdings Company
LOPE,Grand Canyon Educati
GPK,Graphic Packaging Holding Company
GO,Grocery Outlet Holding Corp
GRUB,Grubhub Inc
GH,Guardant Health Inc
GWRE,Guidewire Software Inc
HRB,H&R Block
HAE,Haemonetics Corp
HAIN,Hain Celestial Group
HAL,Halliburton Company
HBI,Hanesbrands Inc
HOG,Harley-Davidson Inc
HIG,Hartford Financial Services Group
HAS,Hasbro Inc
HE,Hawaiian Electric Industries
HCA,Hca Holdings Inc
HDS,HD Supply Hlds Cmm
HTA,Healthcare Trust of America
PEAK,Healthpeak Properties Inc
HEI,Heico Corp
HEI.A,Heico Cp Cl A
HP,Helmerich & Payne
HSIC,Henry Schein Inc
HLF,Herbalife Ltd
HSY,Hershey Foods Corp
HES,Hess Corp
HPE,Hewlett Packard Enterprise Comp
HXL,Hexcel Corp
HIW,Highwoods Properties
HRC,Hill-Rom Holdings Inc
HLT,Hilton Inc
HFC,Hollyfrontier Corp
HOLX,Hologic Inc
HD,Home Depot
HON,Honeywell International Inc
HZNP,Horizon Therapeutics
HRL,Hormel Foods Corp
HST,Host Marriott Financial Trust
HHC,Howard Hughes Corp
HWM,Howmet Aerospace Inc
HPQ,HP Inc
HUBB,Hubbell Inc B
HUBS,Hubspot Inc
HPP,Hudson Pacific Properties
HUM,Humana Inc
HBAN,Huntington Bcshs
HII,Huntington Ingalls Industries
HUN,Huntsman Corp
H,Hyatt Hotels Corp
ICUI,I C U Medical Inc
IAA,Iaa Inc
IAC,Iac Holdings Inc
IDA,Idacorp Inc
IEX,Idex Corp
IDXX,Idexx Laboratories
INFO,IHS Markit Ltd
ITW,Illinois Tool Works Inc
ILMN,Illumina Inc
IMMU,Immunomedics Inc
INCY,Incyte Corp
IR,Ingersoll Rand Inc
INGR,Ingredion Inc
IPHI,Inphi Corp
PODD,Insulet Corp
IART,Integra Lifesciences
INTC,Intel Corp
IBKR,Interactive Brokers
ICE,Intercontinental Exchange
IBM,International Business Machines
IFF,International Flavors & Fragrances
IP,International Paper Company
IPG,Interpublic Group of Companies
INTU,Intuit Inc
ISRG,Intuitive Surg Inc
IVZ,Invesco Plc
INVH,Invitation Homes Inc
IONS,Ionis Pharmaceuticals
IOVA,Iovance Biotherapeutics Inc
IPGP,Ipg Photonics Corp
IQV,Iqvia Holdings Inc
IRM,Iron Mountain Inc
ITT,ITT Inc
JBHT,J B Hunt Transport
SJM,J.M. Smucker Company
JBL,Jabil Circuit
JKHY,Jack Henry & Assoc
J,Jacobs Engineering Group Inc
JAMF,Jamf Holding Corp
JAZZ,Jazz Pharma Plc
JBGS,Jbg Smith Properties
JEF,Jefferies Financial Group Inc
JBLU,Jetblue Airways Cp
JW.A,John Wiley Sons Cl A
JNJ,Johnson & Johnson
JCI,Johnson Controls Intl
JLL,Jones Lang Lasalle Inc
JPM,JP Morgan Chase & Company
JNPR,Juniper Networks
KLAC,K L A-Tencor Corp
KSU,Kansas City Southern
K,Kellogg Company
KMPR,Kemper Corp
KDP,Keurig Dr Pepper Inc
KEY,Keycorp
KEYS,Keysight Technologies Inc Comm
KRC,Kilroy Realty Corp
KMB,Kimberly-Clark Corp
KIM,Kimco Realty Corp
KMI,Kinder Morgan
KEX,Kirby Corp
KKR,KKR & CO LP
KNX,Knight-Swift Transporation Inc
KSS,Kohl's Corp
KHC,Kraft Heinz Company
KR,Kroger Company
LB,L Brands Inc
LHX,L3Harris Technologies Inc
LH,Laboratory Corp of America Holdings
LRCX,Lam Research Corp
LAMR,Lamar Advertis A
LW,Lamb Weston Holdings Inc
LSTR,Landstar System
LVS,Las Vegas Sands
LAZ,Lazard Ltd
LEA,Lear Corp
LEG,Leggett & Platt Inc
LDOS,Leidos Holdings Inc
LMND,Lemonade Inc
TREE,Lendingtree Inc
LEN,Lennar Corp
LEN.B,Lennar Corp Cl B
LII,Lennox International
LBRDA,Liberty Broadbd A
LBRDK,Liberty Broadbd C
FWONA,Liberty Media F1 Series A
FWONK,Liberty Media F1 Series K
LSXMA,Liberty Srs XM CS A
LSXMK,Liberty Srs XM CS C
LSI,Life Storage
LECO,Lincoln Elec Hld
LNC,Lincoln National Corp
LIN,Linde Plc
LGF.A,Lions Gate Entertainment Corp Cl A
LGF.B,Lions Gate Entertainment Corp Cl B
LFUS,Littelfuse Inc
LYV,Live Nation Entertainment
LVGO,Livongo Health Inc
LKQ,LKQ Corp
LMT,Lockheed Martin Corp
L,Loews Corp
LOW,Lowe's Companies
LPLA,Lpl Financial Hld
LULU,Lululemon Athletica
LITE,Lumentum Hld
LYFT,Lyft Inc Cl A
LYB,Lyondellbasell Industries NV
MTB,M&T Bank Corp
MIC,Macquarie Infrastructure Company Trust
MSGE,Madison Square Garden Entertainment Corp
MSGS,Madison Square Garden Sports Corp
MANH,Manhattan Assoc
MAN,Manpower Inc
MRO,Marathon Oil Corp
MPC,Marathon Petroleum Corp
MKL,Markel Corp
MKTX,Marketaxess Holdings
MAR,Marriot Int Cl A
MMC,Marsh & Mclennan Companies
MLM,Martin Marietta Materials
MRVL,Marvell Tech Group
MAS,Masco Corp
MASI,Masimo Corp
MA,Mastercard Inc
MTCH,Match Group Inc
MAT,Mattel Inc
MXIM,Maxim Integrated
MKC,Mccormick & Company Inc
MCD,McDonald's Corp
MCK,Mckesson Corp
MDU,Mdu Res Group Inc
MDLA,Medallia Inc
MPW,Medical Properties Trust
MDT,Medtronic Inc
MRK,Merck & Company
MCY,Mercury General Corp
MRCY,Mercury Sys Inc
MET,Metlife Inc
MTD,Mettler-Toledo International
MTG,Mgic Investment Corp
MGM,MGM Resorts International
MCHP,Microchip Technology
MU,Micron Technology
MSFT,Microsoft Corp
MAA,Mid-America Apartment Communities
MIDD,Middleby Corp
MKSI,Mks Instruments Inc
MRNA,Moderna Inc
MHK,Mohawk Industries
MOH,Molina Healthcare Inc
TAP,Molson Coors Brewing Company
MDLZ,Mondelez Intl Inc
MDB,Mongodb Inc Cl A
MPWR,Monolithic Power Sys
MNST,Monster Beverage Cp
MCO,Moody's Corp
MS,Morgan Stanley
MORN,Morningstar Inc
MOS,Mosaic Company
MSI,Motorola Solutions
MSA,Msa Safety Inc
MSM,Msc Industrial Direct Company
MSCI,MSCI Inc
MUR,Murphy Oil Corp
MYL,Mylan NV Ord Shs
NDAQ,Nasdaq Inc
NFG,National Fuel Gas Company
NNN,National Retail Properties
NOV,National-Oilwell
NATI,Natl Instruments Cor
NCNO,Ncino Inc
NCR,NCR Corp
NKTR,Nektar Therapeutics
NTAP,Netapp Inc
NFLX,Netflix Inc
NBIX,Neurocrine Bioscienc
NEWR,New Relic Inc
NRZ,New Residential Investment Corp
NYCB,New York Community Bancorp
NYT,New York Times Company
NWL,Newell Rubbermaid Inc
NEU,Newmarket Corp
NEM,Newmont Mining Corp
NWSA,News Cp Cl A
NWS,News Cp Cl B
NXST,Nexstar Media Group Inc.
NEE,Nextera Energy
NLSN,Nielsen Holdings Plc
NKE,Nike Inc
NI,NiSource Inc
NDSN,Nordson Corp
JWN,Nordstrom
NSC,Norfolk Southern Corp
NTRS,Northern Trust Corp
NOC,Northrop Grumman Corp
NLOK,Nortonlifelock Inc
NCLH,Norwegian Cruise Ord
NVCR,Novocure Ltd Ord Sh
NRG,NRG Energy
NUS,Nu Skin Enterprises
NUAN,Nuance Communicatns
NUE,Nucor Corp
NTNX,Nutanix Inc
NVT,Nvent Electric Plc
NVDA,Nvidia Corp
NVR,NVR Inc
ORLY,O'Reilly Automotive
OSH,Oak Street Health Inc
OXY,Occidental Petroleum Corp
OGE,Oge Energy Corp
OKTA,Okta Inc Cl A
ODFL,Old Dominion Freight Line Inc
ORI,Old Republic International Corp
OLN,Olin Corp
OLLI,Ollies Bargain CS
OHI,Omega Healthcare Investors
OMC,Omnicom Group Inc
ON,On Semiconductor
OMF,Onemain Holdings Inc
OKE,Oneok Inc
ORCL,Oracle Corp
OSK,Oshkosh Truck Corp
OTIS,Otis Worldwide Corp [Otis/I]
OUT,Outfront Media Inc
OC,Owens Corning Inc
PCAR,Paccar Inc
PCG,Pacific Gas & Electric Company
PKG,Packaging Corp of America
PACW,Pacwest Bancorp
PD,Pagerduty Inc
PANW,Palo Alto Networks Inc
PGRE,Paramount Group Inc
PK,Park Hotels & Resorts Inc
PH,Parker-Hannifin Corp
PE,Parsley Energy
PAYX,Paychex Inc
PAYC,Paycom Software Inc
PCTY,Paylocity Hld Corp
PYPL,Paypal Holdings
PEGA,Pegasystems Inc
PTON,Peloton Interactive Inc
PAG,Penske Automotive Group
PNR,Pentair Ltd
PEN,Penumbra Inc
PBCT,People's United Finl
PEP,Pepsico Inc
PKI,Perkinelmer
PRGO,Perrigo Company
PFE,Pfizer Inc
PM,Philip Morris International Inc
PSX,Phillips 66
PVH,Phillips-Van Heusen Corp
PPC,Pilgrim's Pride
PNFP,Pinnacle Finl Ptnrs
PNW,Pinnacle West Capital Corp
PINS,Pinterest Inc
PXD,Pioneer Natural Resources Company
PLNT,Planet Fitness
PS,Pluralsight Inc Cl A
PNC,PNC Bank
PII,Polaris Industries Inc
POOL,Pool Corp
BPOP,Popular Inc
POST,Post Holdings Inc
PPD,Ppd Inc
PPG,PPG Industries
PPL,PPL Corp
PRAH,Pra Health
PINC,Premier Inc Cl A
PRI,Primerica Inc
PFG,Principal Financial Group Inc
PG,Procter & Gamble Company
PGR,Progressive Corp
PLD,Prologis Inc
PFPT,Proofpoint Inc
PB,Prosperity Bancshares
PRU,Prudential Financial Inc
PTC,Ptc Inc
PEG,Public Service Enterprise Group Inc
PSA,Public Storage
PHM,Pultegroup
PSTG,Pure Storage Inc
QGEN,Qiagen N.V.
QRVO,Qorvo Inc
QCOM,Qualcomm Inc
PWR,Quanta Services
DGX,Quest Diagnostics Inc
QDEL,Quidel Cp
QRTEA,Qurate Retail Inc Series A
RL,Ralph Lauren Corp
RJF,Raymond James Financial
RYN,Rayonier Inc REIT
RTX,Raytheon Technologies Corp
RP,Realpage Inc
O,Realty Income Corp
RETA,Reata Pharma
RBC,Regal-Beloit Corp
REG,Regency Centers Corp
REGN,Regeneron Pharmaceuticals
RF,Regions Financial Corp
RGA,Reinsurance Group of America Inc
RS,Reliance Steel & Aluminum Company
RNR,Renaissancere Holdings Ltd
RGEN,Repligen Cp
RSG,Republic Services
RMD,Resmed Inc
REXR,Rexford Industrial Realty Inc
REYN,Reynolds Consumer Products Inc
RNG,Ringcentral Inc
RHI,Robert Half International Inc
RKT,Rocket Companies Inc Cl A
ROK,Rockwell Automation Inc
ROKU,Roku Inc
ROL,Rollins Inc
ROP,Roper Industries
ROST,Ross Stores Inc
RCL,Royal Caribbean Cruises Ltd
RGLD,Royal Gold Inc
RPRX,Royalty Pharma Plc Cl A
RPM,RPM International Inc
R,Ryder System
SPGI,S&P Global Inc
SABR,Sabre Corp
SAGE,Sage Therapeutic Com
CRM,Salesforce.com Inc
SC,Santander Consumer USA Holdings
SRPT,Sarepta Therapeutics
SBAC,SBA Communications
SLB,Schlumberger N.V.
SNDR,Schneider National Inc
SAIC,Science Applications International
SMG,Scotts Miracle-Gro Company
SEB,Seaboard Corp
SEE,Sealed Air Corp
SGEN,Seattle Genetics Inc
SEIC,Sei Investments Company
SRE,Sempra Energy
ST,Sensata Technologies Holding N.V.
SCI,Service Corp International
NOW,Servicenow Inc
SHW,Sherwin-Williams Company
SBNY,Signature Bank
SLGN,Silgan Holdings
SPG,Simon Property Group
SIRI,Sirius XM Holdings
SIX,Six Flags Entertainment Corp
SKX,Skechers U.S.A.
SWKS,Skyworks Solutions
SLG,SL Green Realty Corp
WORK,Slack Technologies Inc
SLM,SLM Corp
SMAR,Smartsheet Inc Cl A
AOS,Smith [A.O.] Corp
SNA,Snap-On Inc
SEDG,Solaredge Tech
SWI,Solarwinds Corp
SON,Sonoco Products Company
SO,Southern Company
SCCO,Southern Peru Copper Corp
LUV,Southwest Airlines Company
SPB,Spectrum Brands Holdings Inc
SPR,Spirit Aerosystems Holdings
SRC,Spirit Realty Capital Inc
SPLK,Splunk Inc
SPOT,Spotify Technology S.A.
SFM,Sprouts Farmers Mark
SQ,Square
SSNC,SS&C Technologies
SWK,Stanley Black & Decker Inc
SBUX,Starbucks Corp
STWD,Starwood Property Trust
STT,State Street Corp
STLD,Steel Dynamics Inc
SRCL,Stericycle Inc
STE,Steris Corp
STL,Sterling Bancorp
STNE,Stoneco Ltd Cl A
STOR,Store Capital Corpstore Capital
SYK,Stryker Corp
SUI,Sun Communities
SIVB,Svb Financial Group
SWCH,Switch Inc
SYF,Synchrony Financial
SYNH,Syneos Health Inc
SNX,Synnex Corp
SNPS,Synopsys Inc
SNV,Synovus Financial Corp
SYY,Sysco Corp
TROW,T Rowe Price Group
TMUS,T-Mobile US
TTWO,Take-Two Interacti
TNDM,Tandem Diabetes Care
TPR,Tapestry Inc
TRGP,Targa Resources
TGT,Target Corp
TCO,Taubman Centers
TCF,TCF Financial Corp
TDOC,Teladoc Health Inc
TDY,Teledyne Technologies Inc
TFX,Teleflex Inc
TDS,Telephone and Data Systems
TPX,Tempur-Pedic International Inc
TDC,Teradata Corp
TER,Teradyne Inc
TSLA,Tesla Inc
TXN,Texas Instruments
TXT,Textron Inc
TFSL,Tfs Financial Corp
AES,The Aes Corp
AZEK,The Azek Company Inc Cl A
CG,The Carlyle Group
SCHW,The Charles Schwab Corp
THG,The Hanover Insurance Group
TRV,The Travelers Companies Inc
TMO,Thermo Fisher Scientific Inc
THO,Thor Industries
TIF,Tiffany & Company
TKR,Timken Company
TJX,TJX Companies
TOL,Toll Brothers Inc
TTC,Toro Company
TSCO,Tractor Supply Company
TTD,Trade Desk Inc
TW,Tradeweb Markets Inc
TT,Trane Technologies Plc
TDG,Transdigm Group Inc
TRU,Transunion
THS,Treehouse Foods
TREX,Trex Company
TRMB,Trimble Navigation
TRN,Trinity Industries
TRIP,Tripadvisor Inc
TFC,Truist Financial Corp
TWLO,Twilio
TWTR,Twitter Inc
TYL,Tyler Technologies
TSN,Tyson Foods
USB,U.S. Bancorp
UBER,Uber Technologies Inc
UI,Ubiquiti Networks
UGI,Ugi Corp
ULTA,Ulta Beauty Inc
UMPQ,Umpqua Holdings Corp
UAA,Under Armour
UA,Under Armour Inc Cl C
UNP,Union Pacific Corp
UAL,United Airlines Holdings Inc
UDR,United Dominion Realty Trust
UPS,United Parcel Service
URI,United Rentals
USM,United States Cellular Corp
UTHR,United Therapeutic
UNH,Unitedhealth Group Inc
UNVR,Univar Inc
OLED,Universal Display
UHS,Universal Health Services
UNM,Unumprovident Corp
USFD,US Foods Holding
VFC,V.F. Corp
MTN,Vail Resorts
VLO,Valero Energy Corp
VMI,Valmont Industries
VVV,Valvoline Inc
VAR,Varian Medical Systems
VEEV,Veeva Systems Inc
VTR,Ventas Inc
VER,Vereit Inc
VRSN,Verisign Inc
VRSK,Verisk Analytics Inc
VZ,Verizon Communications Inc
VRTX,Vertex Pharmaceutic
VRT,Vertiv Holdings Llc.
VIACA,Viacomcbs Inc Cl A
VIAC,Viacomcbs Inc Cl B
VSAT,Viasat Inc
VICI,Vici Properties Inc
SPCE,Virgin Galactic Holdings Inc
VIRT,Virtu Financial Cm A
V,Visa Inc
VST,Vistra Energy Corp
VMW,Vmware Inc
VNO,Vornado Realty Trust
VOYA,VOYA Financial Inc
VRM,Vroom Inc
VMC,Vulcan Materials Company
WPC,W.P. Carey & CO Llc
WRB,W.R. Berkley Corp
GRA,W.R. Grace & Company
GWW,W.W. Grainger
WAB,Wabtec Corp
WMT,Wal-Mart Stores
WBA,Walgreens Boots Alliance
DIS,Walt Disney Company
WM,Waste Management
WAT,Waters Corp
WSO,Watsco Inc
W,Wayfair Inc
WBS,Webster Financial Corp
WRI,Weingarten Realty Investors
WFC,Wells Fargo & Company
WELL,Welltower Inc
WEN,Wendys Company
WST,West Pharmaceutical Services
WAL,Western Alliance Bancorp
WDC,Western Digital Cp
WU,Western Union Company
WLK,Westlake Chemical Corp
WRK,Westrock Company
WEX,Wex Inc
WY,Weyerhaeuser Company
WHR,Whirlpool Corp
WTM,White Mountains Insurance Group
WMB,Williams Companies
WSM,Williams-Sonoma
WLTW,Willis Towers WT
WTFC,Wintrust Finl Corp
WEC,Wisconsin Energy Corp
WWD,Woodward Inc
WDAY,Workday Inc
WWE,World Wrestling Entertainment
WPX,Wpx Energy Inc
WYND,Wyndham Destinations Inc
WH,Wyndham Hotels & Resorts Inc
WYNN,Wynn Resorts Ltd
XEL,XCEL Energy Inc
XRX,Xerox Corp
XLNX,Xilinx Inc
XPO,Xpo Logistics Inc
XYL,Xylem Inc
YUMC,Yum China Holdings Inc
